{
	"pages": [ //pages数组中第一项表示应用启动页，参考：https://uniapp.dcloud.io/collocation/pages
		{
			"path": "pages/index/index",
			"style": {
				"navigationBarTitleText": "uni-app",
				"enablePullDownRefresh": false,
				"navigationStyle":"custom"
			}
		}
	    ,{
            "path" : "pages/cate/cate",
            "style" :                                                                                    
            {
                "navigationBarTitleText": "分类",
                "enablePullDownRefresh": false,
				"navigationBarBackgroundColor":"#FFFFFF"
            }
            
        }
        ,{
            "path" : "pages/cart/cart",
            "style" :                                                                                    
            {
                "navigationBarTitleText": "购物车",
                "enablePullDownRefresh": false,
				"navigationBarBackgroundColor":"#FFFFFF"
            }
            
        }
        ,{
            "path" : "pages/member/member",
            "style" :                                                                                    
            {
                "navigationBarTitleText": "",
                "enablePullDownRefresh": false,
				"navigationStyle":"custom"
            }
            
        }
        ,{
            "path" : "pages/detail/detail",
            "style" :                                                                                    
            {
                "navigationBarTitleText": "商品详情",
                "enablePullDownRefresh": false
            }
            
        }
        ,{
            "path" : "pages/register/register",
            "style" :                                                                                    
            {
                "navigationBarTitleText": "注册",
                "enablePullDownRefresh": false
            }
            
        }
        ,{
            "path" : "pages/login/login",
            "style" :                                                                                    
            {
                "navigationBarTitleText": "登录",
                "enablePullDownRefresh": false
            }
            
        }
        ,{
            "path" : "pages/address/add",
            "style" :                                                                                    
            {
                "navigationBarTitleText": "添加地址",
                "enablePullDownRefresh": false,
				"navigationBarBackgroundColor":"#FFFFFF"
            }
            
        },{
            "path" : "pages/address/edit",
            "style" :                                                                                    
            {
                "navigationBarTitleText": "编辑",
                "enablePullDownRefresh": false
            }
            
        },{
            "path" : "pages/address/list",
            "style" :                                                                                    
            {
                "navigationBarTitleText": "地址列表",
                "enablePullDownRefresh": false,
				"navigationBarBackgroundColor":"#FFFFFF"
            }
            
        }
        ,{
            "path" : "pages/order/order",
            "style" :                                                                                    
            {
                "navigationBarTitleText": "购买页面",
                "enablePullDownRefresh": false,
				"navigationBarBackgroundColor":"#FFFFFF"
            }
            
        },{
            "path" : "pages/order/pay",
            "style" :                                                                                    
            {
                "navigationBarTitleText": "支付页面",
                "enablePullDownRefresh": false,
				"navigationBarBackgroundColor":"#FFFFFF"
            }
            
        },{
            "path" : "pages/order/status",
            "style" :                                                                                    
            {
                "navigationBarTitleText": "支付状态",
                "enablePullDownRefresh": false,
				"navigationBarBackgroundColor":"#FFFFFF"
            }
            
        },{
            "path" : "pages/member/orderList",
            "style" :                                                                                    
            {
                "navigationBarTitleText": "订单列表",
                "enablePullDownRefresh": false,
				"navigationBarBackgroundColor":"#FFFFFF"
            }
            
        },{
		    "path" : "pages/member/orderDetail",
		    "style" :                                                                                    
		    {
		        "navigationBarTitleText": "订单详情",
		        "enablePullDownRefresh": false,
				"navigationBarBackgroundColor":"#FFFFFF"
		    }
		    
		}
    ],
	"tabBar": {
	    "color": "#666666",
	    "selectedColor": "#00b4ff",
	    "borderStyle": "black",
	    "backgroundColor": "#ffffff",
	    "list": [
			{
	        "pagePath": "pages/index/index",
	        "iconPath": "static/tabbar1.png",
	        "selectedIconPath": "static/tabbar1-1.png",
	        "text": "首页"
	    }, 
		{
	        "pagePath": "pages/cate/cate",
	        "iconPath": "static/tabbar2.png",
	        "selectedIconPath": "static/tabbar2-1.png",
	        "text": "分类"
	    },
		{
		    "pagePath": "pages/cart/cart",
		    "iconPath": "static/tabbar3.png",
		    "selectedIconPath": "static/tabbar3-1.png",
		    "text": "购物车"
		},
		{
		    "pagePath": "pages/member/member",
		    "iconPath": "static/tabbar4.png",
		    "selectedIconPath": "static/tabbar4-1.png",
		    "text": "我的"
		}
		]
	},
	"globalStyle": {
		"navigationBarTextStyle": "black",
		"navigationBarTitleText": "uni-app",
		"navigationBarBackgroundColor":"#FFFFFF",
		"navigationBarBackgroundColor": "#F8F8F8",
		"backgroundColor": "#F8F8F8"
	}
}
